{"cameraMode":{"drawMode":0,"name":"Shaded","section":"Shading Mode"},"sceneLighting":false,"audioPlay":false,"sceneViewState":{"showFog":true,"showMaterialUpdate":true,"showSkybox":false,"showFlares":true,"showImageEffects":true,"showParticleSystems":true},"in2DMode":false,"pivot":{"x":326.379150390625,"y":-152.60752868652345,"z":130.3897247314453},"rotation":{"x":-0.07307080179452896,"y":0.7586678266525269,"z":0.6416147947311401,"w":0.08640232682228089},"size":2819.697265625,"orthographic":false}